source_ip,url,method,classification,risk_level,patterns,recommendation,timestamp
"192.168.1.10","/index.html","GET","None","Low","No suspicious patterns detected in the provided data.","Regularly monitor and analyze traffic for potential threats.","2026-02-27T08:01:12+00:00"
"192.168.1.10","/style.css","GET","None","Low","Request for a CSS file from an internal IP address with no suspicious patterns.","No immediate action required. Monitor the source and destination of requests.","2026-02-27T08:01:15+00:00"
"10.0.0.55","/admin/config.php","GET","Command Injection","Critical","User-Agent header indicates the use of a tool known for automated SQL injection and command execution.","Immediately block IP address from accessing sensitive URLs, review server logs to identify potential data breaches or unauthorized changes.","2026-02-27T08:02:01+00:00"
"10.0.0.55","/admin/config.php?id=1'","GET","SQL Injection","Critical","URL contains a single quote which could be used in SQL injection attacks.","Immediately sanitize inputs and implement prepared statements to prevent SQL injection.","2026-02-27T08:02:03+00:00"
"10.0.0.55","/admin/config.php?id=1","GET","Suspicious","Medium","Direct access to a sensitive admin page without authentication.","Implement strict access controls and ensure proper user authentication before granting access.","2026-02-27T08:02:05+00:00"
"172.16.0.200","/login","POST","None","Low","No immediate suspicious patterns detected in the provided data.","Continue monitoring and regularly reviewing security measures.","2026-02-27T08:03:44+00:00"
"172.16.0.200","/login","POST","Suspicious","Medium","User agent string does not match common browsers, and the source IP is a private network address.","Implement rate limiting based on user-agent strings to mitigate potential threats.","2026-02-27T08:03:45+00:00"
"172.16.0.200","/login","POST","Suspicious","Medium","User Agent string does not match common browsers, POST method used for login may indicate an attempt to bypass CAPTCHA or other bot detection mechanisms.","Implement rate limiting and challenge-response tests like CAPTCHA on the login endpoint.","2026-02-27T08:03:46+00:00"
"172.16.0.200","/login","POST","None","Low","No suspicious patterns detected in the provided data.","Monitor for unusual activity and consider implementing rate limiting.","2026-02-27T08:03:47+00:00"
"172.16.0.200","/login","POST","None","Low","No immediate suspicious patterns detected.","Continue monitoring and regularly reviewing security measures.","2026-02-27T08:03:48+00:00"
"45.33.32.156","/../../../etc/passwd","GET","Path Traversal","Critical","/../../../etc/passwd is a classic example of path traversal where an attacker attempts to access files and directories that are stored outside the web root folder.","Implement strict input validation, use allowlists for directory paths, set proper file permissions, and employ security headers.","2026-02-27T08:05:00+00:00"
"45.33.32.156","/wp-login.php","GET","Suspicious","Medium","User is attempting to access a known sensitive file via GET method, which could indicate an attempt at unautenerated data retrieval.","Implement strict access controls and ensure that only necessary information can be retrieved through POST methods.","2026-02-27T08:05:01+00:00"
"45.33.32.156","/.env","GET","Path Traversal","Medium","The URL path includes '/.env', which could indicate an attempt to access environment variables or configuration files.","Implement strict input validation and sanitization, restricting the allowed paths.","2026-02-27T08:05:02+00:00"
"45.33.32.156","/phpmyadmin/index.php","GET","Suspicious","Medium","Direct access to phpMyAdmin, which is a sensitive tool for database management.","Implement strict firewall rules and ensure that only necessary ports are open. Disallow direct access to the server's root directory.","2026-02-27T08:05:03+00:00"
"192.168.1.20","/products","GET","None","Low","No suspicious patterns detected in the provided HTTP request data.","Maintain regular monitoring and implement a web application firewall (WAF) for enhanced security.","2026-02-27T08:10:00+00:00"
"192.168.1.20","/products/item?id=42","GET","None","Low","No suspicious patterns detected in the request.","Monitor for unusual activity and maintain regular security audits.","2026-02-27T08:10:05+00:00"
"192.168.1.20","/cart/add","POST","None","Low","No suspicious patterns detected in the provided data.","Monitor for any changes and continue regular security audits.","2026-02-27T08:10:10+00:00"
"198.51.100.7","/<script>alert(1)</script>","GET","XSS","High","Script tags in URL path, potential for cross-site scripting attack.","Implement strict input validation and output encoding to prevent XSS attacks.","2026-02-27T08:15:00+00:00"
"198.51.100.7","/?q=<img","GET","SQL Injection","Critical","<img src=x onerror=alert(document.cookie)","Implement strict input validation and use prepared statements to prevent SQL injection.","2026-02-27T08:15:01+00:00"
"198.51.100.7","/search?q=%3Cscript%3Ealert%28document.cookie%29%3C%2Fscript%3E","GET","XSS","High","<script>alert(document.cookie)</script>","Implement input validation and output encoding to prevent script injection.","2026-02-27T08:15:02+00:00"
"10.10.10.5","/api/users","GET","None","Low","No suspicious patterns detected in the request.","Continue monitoring for unusual activity.","2026-02-27T09:00:01+00:00"
"10.10.10.5","/api/users?id=1","GET","SQL Injection","Critical","The 'id' parameter is potentially used for SQL injection.","Validate and sanitize all user inputs, use prepared statements or ORM methods.","2026-02-27T09:00:02+00:00"
"203.0.113.42","/api/users?id=1;","GET","SQL Injection","Critical","The URL parameter 'id' is potentially used in a SQL query without proper sanitization, allowing for injection of arbitrary SQL code.","Implement prepared statements or use ORM libraries to prevent SQL injection. Validate and sanitize all user inputs.","2026-02-27T09:01:00+00:00"
"203.0.113.42","/api/data?file=../../../../etc/shadow","GET","Path Traversal","Critical","The 'file' parameter in the URL is used to access a sensitive system file outside of the intended directory structure.","Implement strict input validation and sanitization, restricting user-supplied data from accessing or modifying files outside their designated directories.","2026-02-27T09:01:01+00:00"
"203.0.113.42","/api/data?file=..%2F..%2F..%2Fetc%2Fpasswd","GET","Path Traversal","Critical","The URL parameter 'file' contains a sequence that suggests directory traversal.","Implement strict input validation and sanitization to prevent path traversal attacks.","2026-02-27T09:01:02+00:00"
"10.10.10.5","/api/upload","POST","None","Low","No suspicious patterns detected in the provided HTTP request data.","Continue monitoring and ensure proper validation of input on server-side.","2026-02-27T09:05:00+00:00"
"185.220.101.1","/robots.txt","GET","None","Low","","No immediate action required.","2026-02-27T09:10:00+00:00"
"185.220.101.1","/sitemap.xml","GET","None","Low","No suspicious patterns detected.","Monitor regularly.","2026-02-27T09:10:01+00:00"